{
	"info": {
		"_postman_id": "dd5665fe-f47f-4c08-8f28-4baf3f5be08d",
		"name": "API_Tasks",
		"schema": "https://schema.getpostman.com/json/collection/v2.1.0/collection.json",
		"_exporter_id": "41932910"
	},
	"item": [
		{
			"name": "New Request",
			"request": {
				"auth": {
					"type": "bearer",
					"bearer": [
						{
							"key": "token",
							"value": "eyJhbGciOiJIUzI1NiIsInR5cCI6IkpXVCJ9.eyJ1c2VySWQiOjUsInVzZXJuYW1lIjoiU3BpZGVybWFuIiwiaWF0IjoxNzM5MzM0Njg3LCJleHAiOjE3MzkzMzgyODd9.TQC7Jl5fegxZHfw5xLhrT9cZihT9ZaoF1VES4yhsQEk",
							"type": "string"
						}
					]
				},
				"method": "POST",
				"header": [],
				"url": {
					"raw": "http://localhost:3000/tags/assign/3/4",
					"protocol": "http",
					"host": [
						"localhost"
					],
					"port": "3000",
					"path": [
						"tags",
						"assign",
						"3",
						"4"
					]
				},
				"description": "[http://localhost:3000/auth/register](http://localhost:3000/auth/register)"
			},
			"response": [
				{
					"name": "New Request",
					"originalRequest": {
						"method": "POST",
						"header": [],
						"body": {
							"mode": "raw",
							"raw": "{\r\n  \"username\": \"Spiderman\",\r\n  \"password\": \"parker\"\r\n}",
							"options": {
								"raw": {
									"language": "json"
								}
							}
						},
						"url": {
							"raw": "http://localhost:3000/auth/register",
							"protocol": "http",
							"host": [
								"localhost"
							],
							"port": "3000",
							"path": [
								"auth",
								"register"
							]
						}
					},
					"status": "Created",
					"code": 201,
					"_postman_previewlanguage": "json",
					"header": [
						{
							"key": "X-Powered-By",
							"value": "Express"
						},
						{
							"key": "Content-Type",
							"value": "application/json; charset=utf-8"
						},
						{
							"key": "Content-Length",
							"value": "158"
						},
						{
							"key": "ETag",
							"value": "W/\"9e-/vxuMIg6MRcGlqx36EULOV8RpSg\""
						},
						{
							"key": "Date",
							"value": "Wed, 12 Feb 2025 04:25:43 GMT"
						},
						{
							"key": "Connection",
							"value": "keep-alive"
						},
						{
							"key": "Keep-Alive",
							"value": "timeout=5"
						}
					],
					"cookie": [],
					"body": "{\n    \"message\": \"Utilisateur créé avec succès\",\n    \"user\": {\n        \"id\": 5,\n        \"username\": \"Spiderman\",\n        \"password\": \"$2a$10$Uc6Ut.YEgnte86JKRVIofecV0h10oc884t0MABgdCBeZ/mlzs5oBi\"\n    }\n}"
				},
				{
					"name": "New Request",
					"originalRequest": {
						"method": "POST",
						"header": [],
						"body": {
							"mode": "raw",
							"raw": "{\r\n  \"username\": \"Spiderman\",\r\n  \"password\": \"parker\"\r\n}",
							"options": {
								"raw": {
									"language": "json"
								}
							}
						},
						"url": {
							"raw": "http://localhost:3000/auth/login",
							"protocol": "http",
							"host": [
								"localhost"
							],
							"port": "3000",
							"path": [
								"auth",
								"login"
							]
						}
					},
					"status": "OK",
					"code": 200,
					"_postman_previewlanguage": "json",
					"header": [
						{
							"key": "X-Powered-By",
							"value": "Express"
						},
						{
							"key": "Content-Type",
							"value": "application/json; charset=utf-8"
						},
						{
							"key": "Content-Length",
							"value": "329"
						},
						{
							"key": "ETag",
							"value": "W/\"149-NrognDptml+Ne3JZ+rNWbwkoT0U\""
						},
						{
							"key": "Date",
							"value": "Wed, 12 Feb 2025 04:31:27 GMT"
						},
						{
							"key": "Connection",
							"value": "keep-alive"
						},
						{
							"key": "Keep-Alive",
							"value": "timeout=5"
						}
					],
					"cookie": [],
					"body": "{\n    \"message\": \"Connexion réussie\",\n    \"token\": \"eyJhbGciOiJIUzI1NiIsInR5cCI6IkpXVCJ9.eyJ1c2VySWQiOjUsInVzZXJuYW1lIjoiU3BpZGVybWFuIiwiaWF0IjoxNzM5MzM0Njg3LCJleHAiOjE3MzkzMzgyODd9.TQC7Jl5fegxZHfw5xLhrT9cZihT9ZaoF1VES4yhsQEk\",\n    \"user\": {\n        \"id\": 5,\n        \"username\": \"Spiderman\",\n        \"password\": \"$2a$10$Uc6Ut.YEgnte86JKRVIofecV0h10oc884t0MABgdCBeZ/mlzs5oBi\"\n    }\n}"
				},
				{
					"name": "New Request",
					"originalRequest": {
						"method": "POST",
						"header": [],
						"body": {
							"mode": "raw",
							"raw": "{\r\n  \"username\": \"Spiderman\",\r\n  \"password\": \"parker\"\r\n}",
							"options": {
								"raw": {
									"language": "json"
								}
							}
						},
						"url": {
							"raw": "http://localhost:3000/auth/login",
							"protocol": "http",
							"host": [
								"localhost"
							],
							"port": "3000",
							"path": [
								"auth",
								"login"
							]
						}
					},
					"status": "OK",
					"code": 200,
					"_postman_previewlanguage": "json",
					"header": [
						{
							"key": "X-Powered-By",
							"value": "Express"
						},
						{
							"key": "Content-Type",
							"value": "application/json; charset=utf-8"
						},
						{
							"key": "Content-Length",
							"value": "329"
						},
						{
							"key": "ETag",
							"value": "W/\"149-NrognDptml+Ne3JZ+rNWbwkoT0U\""
						},
						{
							"key": "Date",
							"value": "Wed, 12 Feb 2025 04:31:27 GMT"
						},
						{
							"key": "Connection",
							"value": "keep-alive"
						},
						{
							"key": "Keep-Alive",
							"value": "timeout=5"
						}
					],
					"cookie": [],
					"body": "{\n    \"message\": \"Connexion réussie\",\n    \"token\": \"eyJhbGciOiJIUzI1NiIsInR5cCI6IkpXVCJ9.eyJ1c2VySWQiOjUsInVzZXJuYW1lIjoiU3BpZGVybWFuIiwiaWF0IjoxNzM5MzM0Njg3LCJleHAiOjE3MzkzMzgyODd9.TQC7Jl5fegxZHfw5xLhrT9cZihT9ZaoF1VES4yhsQEk\",\n    \"user\": {\n        \"id\": 5,\n        \"username\": \"Spiderman\",\n        \"password\": \"$2a$10$Uc6Ut.YEgnte86JKRVIofecV0h10oc884t0MABgdCBeZ/mlzs5oBi\"\n    }\n}"
				},
				{
					"name": "New Request",
					"originalRequest": {
						"method": "POST",
						"header": [],
						"body": {
							"mode": "raw",
							"raw": "{\r\n  \"title\": \"finir le tp au plus vite !!!\",\r\n  \"description\": \"c'est dur\",\r\n  \"status\": \"pending\",\r\n  \"priority\": 3\r\n}\r\n",
							"options": {
								"raw": {
									"language": "json"
								}
							}
						},
						"url": {
							"raw": "http://localhost:3000/tasks",
							"protocol": "http",
							"host": [
								"localhost"
							],
							"port": "3000",
							"path": [
								"tasks"
							]
						}
					},
					"status": "Created",
					"code": 201,
					"_postman_previewlanguage": "json",
					"header": [
						{
							"key": "X-Powered-By",
							"value": "Express"
						},
						{
							"key": "Content-Type",
							"value": "application/json; charset=utf-8"
						},
						{
							"key": "Content-Length",
							"value": "116"
						},
						{
							"key": "ETag",
							"value": "W/\"74-XeoAgVV2WXHaUfiUQ1FScbTJVwU\""
						},
						{
							"key": "Date",
							"value": "Wed, 12 Feb 2025 04:36:02 GMT"
						},
						{
							"key": "Connection",
							"value": "keep-alive"
						},
						{
							"key": "Keep-Alive",
							"value": "timeout=5"
						}
					],
					"cookie": [],
					"body": "{\n    \"id\": 3,\n    \"title\": \"finir le tp au plus vite !!!\",\n    \"description\": \"c'est dur\",\n    \"status\": \"pending\",\n    \"priority\": 3,\n    \"userId\": 5\n}"
				},
				{
					"name": "New Request",
					"originalRequest": {
						"method": "GET",
						"header": [],
						"url": {
							"raw": "http://localhost:3000/tasks",
							"protocol": "http",
							"host": [
								"localhost"
							],
							"port": "3000",
							"path": [
								"tasks"
							]
						}
					},
					"status": "OK",
					"code": 200,
					"_postman_previewlanguage": "json",
					"header": [
						{
							"key": "X-Powered-By",
							"value": "Express"
						},
						{
							"key": "Content-Type",
							"value": "application/json; charset=utf-8"
						},
						{
							"key": "Content-Length",
							"value": "128"
						},
						{
							"key": "ETag",
							"value": "W/\"80-Ksmtp8xTpESkTwpGj774yj9eb88\""
						},
						{
							"key": "Date",
							"value": "Wed, 12 Feb 2025 04:37:27 GMT"
						},
						{
							"key": "Connection",
							"value": "keep-alive"
						},
						{
							"key": "Keep-Alive",
							"value": "timeout=5"
						}
					],
					"cookie": [],
					"body": "[\n    {\n        \"id\": 3,\n        \"title\": \"finir le tp au plus vite !!!\",\n        \"description\": \"c'est dur\",\n        \"status\": \"pending\",\n        \"priority\": 3,\n        \"userId\": 5,\n        \"tags\": []\n    }\n]"
				},
				{
					"name": "New Request",
					"originalRequest": {
						"method": "GET",
						"header": [],
						"url": {
							"raw": "http://localhost:3000/tasks/3",
							"protocol": "http",
							"host": [
								"localhost"
							],
							"port": "3000",
							"path": [
								"tasks",
								"3"
							]
						}
					},
					"status": "OK",
					"code": 200,
					"_postman_previewlanguage": "json",
					"header": [
						{
							"key": "X-Powered-By",
							"value": "Express"
						},
						{
							"key": "Content-Type",
							"value": "application/json; charset=utf-8"
						},
						{
							"key": "Content-Length",
							"value": "116"
						},
						{
							"key": "ETag",
							"value": "W/\"74-XeoAgVV2WXHaUfiUQ1FScbTJVwU\""
						},
						{
							"key": "Date",
							"value": "Wed, 12 Feb 2025 04:38:18 GMT"
						},
						{
							"key": "Connection",
							"value": "keep-alive"
						},
						{
							"key": "Keep-Alive",
							"value": "timeout=5"
						}
					],
					"cookie": [],
					"body": "{\n    \"id\": 3,\n    \"title\": \"finir le tp au plus vite !!!\",\n    \"description\": \"c'est dur\",\n    \"status\": \"pending\",\n    \"priority\": 3,\n    \"userId\": 5\n}"
				},
				{
					"name": "New Request",
					"originalRequest": {
						"method": "PUT",
						"header": [],
						"body": {
							"mode": "raw",
							"raw": "{\r\n  \"title\": \"Tp réussie\",\r\n  \"status\": \"completed\"\r\n}\r\n",
							"options": {
								"raw": {
									"language": "json"
								}
							}
						},
						"url": {
							"raw": "http://localhost:3000/tasks/3",
							"protocol": "http",
							"host": [
								"localhost"
							],
							"port": "3000",
							"path": [
								"tasks",
								"3"
							]
						}
					},
					"status": "OK",
					"code": 200,
					"_postman_previewlanguage": "json",
					"header": [
						{
							"key": "X-Powered-By",
							"value": "Express"
						},
						{
							"key": "Content-Type",
							"value": "application/json; charset=utf-8"
						},
						{
							"key": "Content-Length",
							"value": "101"
						},
						{
							"key": "ETag",
							"value": "W/\"65-DzKY1uBX0hjyJrerDnaF/YQ+qRk\""
						},
						{
							"key": "Date",
							"value": "Wed, 12 Feb 2025 04:39:12 GMT"
						},
						{
							"key": "Connection",
							"value": "keep-alive"
						},
						{
							"key": "Keep-Alive",
							"value": "timeout=5"
						}
					],
					"cookie": [],
					"body": "{\n    \"id\": 3,\n    \"title\": \"Tp réussie\",\n    \"description\": \"c'est dur\",\n    \"status\": \"completed\",\n    \"priority\": 3,\n    \"userId\": 5\n}"
				},
				{
					"name": "New Request",
					"originalRequest": {
						"method": "POST",
						"header": [],
						"body": {
							"mode": "raw",
							"raw": "{\r\n  \"title\": \"Très urgent !\"\r\n}\r\n",
							"options": {
								"raw": {
									"language": "json"
								}
							}
						},
						"url": {
							"raw": "http://localhost:3000/tags",
							"protocol": "http",
							"host": [
								"localhost"
							],
							"port": "3000",
							"path": [
								"tags"
							]
						}
					},
					"status": "Created",
					"code": 201,
					"_postman_previewlanguage": "json",
					"header": [
						{
							"key": "X-Powered-By",
							"value": "Express"
						},
						{
							"key": "Content-Type",
							"value": "application/json; charset=utf-8"
						},
						{
							"key": "Content-Length",
							"value": "33"
						},
						{
							"key": "ETag",
							"value": "W/\"21-fM834L3F/6t6cnefGSxD/6c6Eg4\""
						},
						{
							"key": "Date",
							"value": "Wed, 12 Feb 2025 04:42:22 GMT"
						},
						{
							"key": "Connection",
							"value": "keep-alive"
						},
						{
							"key": "Keep-Alive",
							"value": "timeout=5"
						}
					],
					"cookie": [],
					"body": "{\n    \"id\": 4,\n    \"title\": \"Très urgent !\"\n}"
				},
				{
					"name": "New Request",
					"originalRequest": {
						"method": "GET",
						"header": [],
						"body": {
							"mode": "raw",
							"raw": "{\r\n  \"title\": \"Très urgent !\"\r\n}\r\n",
							"options": {
								"raw": {
									"language": "json"
								}
							}
						},
						"url": {
							"raw": "http://localhost:3000/tags",
							"protocol": "http",
							"host": [
								"localhost"
							],
							"port": "3000",
							"path": [
								"tags"
							]
						}
					},
					"status": "OK",
					"code": 200,
					"_postman_previewlanguage": "json",
					"header": [
						{
							"key": "X-Powered-By",
							"value": "Express"
						},
						{
							"key": "Content-Type",
							"value": "application/json; charset=utf-8"
						},
						{
							"key": "Content-Length",
							"value": "61"
						},
						{
							"key": "ETag",
							"value": "W/\"3d-vNhTFOyK/tCUI4SHSyLnyuWlNoM\""
						},
						{
							"key": "Date",
							"value": "Wed, 12 Feb 2025 04:43:23 GMT"
						},
						{
							"key": "Connection",
							"value": "keep-alive"
						},
						{
							"key": "Keep-Alive",
							"value": "timeout=5"
						}
					],
					"cookie": [],
					"body": "[\n    {\n        \"id\": 1,\n        \"title\": \"Urgent\"\n    },\n    {\n        \"id\": 4,\n        \"title\": \"Très urgent !\"\n    }\n]"
				},
				{
					"name": "New Request",
					"originalRequest": {
						"method": "GET",
						"header": [],
						"body": {
							"mode": "raw",
							"raw": "{\r\n  \"title\": \"Très urgent !\"\r\n}\r\n",
							"options": {
								"raw": {
									"language": "json"
								}
							}
						},
						"url": {
							"raw": "http://localhost:3000/tags",
							"protocol": "http",
							"host": [
								"localhost"
							],
							"port": "3000",
							"path": [
								"tags"
							]
						}
					},
					"status": "OK",
					"code": 200,
					"_postman_previewlanguage": "json",
					"header": [
						{
							"key": "X-Powered-By",
							"value": "Express"
						},
						{
							"key": "Content-Type",
							"value": "application/json; charset=utf-8"
						},
						{
							"key": "Content-Length",
							"value": "61"
						},
						{
							"key": "ETag",
							"value": "W/\"3d-vNhTFOyK/tCUI4SHSyLnyuWlNoM\""
						},
						{
							"key": "Date",
							"value": "Wed, 12 Feb 2025 04:43:23 GMT"
						},
						{
							"key": "Connection",
							"value": "keep-alive"
						},
						{
							"key": "Keep-Alive",
							"value": "timeout=5"
						}
					],
					"cookie": [],
					"body": "[\n    {\n        \"id\": 1,\n        \"title\": \"Urgent\"\n    },\n    {\n        \"id\": 4,\n        \"title\": \"Très urgent !\"\n    }\n]"
				},
				{
					"name": "New Request",
					"originalRequest": {
						"method": "POST",
						"header": [],
						"url": {
							"raw": "http://localhost:3000/tags/assign/3/4",
							"protocol": "http",
							"host": [
								"localhost"
							],
							"port": "3000",
							"path": [
								"tags",
								"assign",
								"3",
								"4"
							]
						}
					},
					"status": "OK",
					"code": 200,
					"_postman_previewlanguage": "json",
					"header": [
						{
							"key": "X-Powered-By",
							"value": "Express"
						},
						{
							"key": "Content-Type",
							"value": "application/json; charset=utf-8"
						},
						{
							"key": "Content-Length",
							"value": "203"
						},
						{
							"key": "ETag",
							"value": "W/\"cb-X9g+cehpR727KF8cpGud+475Sa8\""
						},
						{
							"key": "Date",
							"value": "Wed, 12 Feb 2025 04:46:31 GMT"
						},
						{
							"key": "Connection",
							"value": "keep-alive"
						},
						{
							"key": "Keep-Alive",
							"value": "timeout=5"
						}
					],
					"cookie": [],
					"body": "{\n    \"message\": \"Tag ajouté avec succès à la tâche\",\n    \"task\": {\n        \"id\": 3,\n        \"title\": \"Tp réussie\",\n        \"description\": \"c'est dur\",\n        \"status\": \"completed\",\n        \"priority\": 3,\n        \"userId\": 5,\n        \"tags\": [\n            {\n                \"id\": 4,\n                \"title\": \"Très urgent !\"\n            }\n        ]\n    }\n}"
				}
			]
		}
	]
}